adm2_en,month,NO2,date
Davao de Oro,2018-06,4.366418181548433E-5,2018-06-01T00:00:00
Davao Occidental,2018-06,3.6646926844726464E-5,2018-06-01T00:00:00
Cotabato,2018-06,4.374332526725693E-5,2018-06-01T00:00:00
Maguindanao del Norte,2018-06,4.282434888450249E-5,2018-06-01T00:00:00
Maguindanao del Sur,2018-06,4.161804160141725E-5,2018-06-01T00:00:00
Davao de Oro,2018-07,4.7610037535237966E-5,2018-07-01T00:00:00
Davao Occidental,2018-07,4.3212399882269325E-5,2018-07-01T00:00:00
Cotabato,2018-07,4.618750183003164E-5,2018-07-01T00:00:00
Maguindanao del Norte,2018-07,4.4779061059893015E-5,2018-07-01T00:00:00
Maguindanao del Sur,2018-07,4.582934087483761E-5,2018-07-01T00:00:00
Davao de Oro,2018-08,4.445743021316044E-5,2018-08-01T00:00:00
Davao Occidental,2018-08,4.299532615004075E-5,2018-08-01T00:00:00
Cotabato,2018-08,4.528545475081254E-5,2018-08-01T00:00:00
Maguindanao del Norte,2018-08,4.441393241214396E-5,2018-08-01T00:00:00
Maguindanao del Sur,2018-08,4.5959967898928864E-5,2018-08-01T00:00:00
Davao de Oro,2018-09,4.580868183827866E-5,2018-09-01T00:00:00
Davao Occidental,2018-09,4.206299263074803E-5,2018-09-01T00:00:00
Cotabato,2018-09,4.4844687621910555E-5,2018-09-01T00:00:00
Maguindanao del Norte,2018-09,4.4393745013919914E-5,2018-09-01T00:00:00
Maguindanao del Sur,2018-09,4.509090543965997E-5,2018-09-01T00:00:00
Davao de Oro,2018-10,4.403113570088982E-5,2018-10-01T00:00:00
Davao Occidental,2018-10,4.172524902000808E-5,2018-10-01T00:00:00
Cotabato,2018-10,4.583138359580435E-5,2018-10-01T00:00:00
Maguindanao del Norte,2018-10,4.528436351761935E-5,2018-10-01T00:00:00
Maguindanao del Sur,2018-10,4.7232765603219064E-5,2018-10-01T00:00:00
Davao de Oro,2018-11,4.1090298230311E-5,2018-11-01T00:00:00
Davao Occidental,2018-11,4.027924870415384E-5,2018-11-01T00:00:00
Cotabato,2018-11,4.3083082057828E-5,2018-11-01T00:00:00
Maguindanao del Norte,2018-11,4.220510649834349E-5,2018-11-01T00:00:00
Maguindanao del Sur,2018-11,4.446278306293235E-5,2018-11-01T00:00:00
Davao de Oro,2018-12,4.066027539527668E-5,2018-12-01T00:00:00
Davao Occidental,2018-12,3.9450723219176844E-5,2018-12-01T00:00:00
Cotabato,2018-12,4.299959006071575E-5,2018-12-01T00:00:00
Maguindanao del Norte,2018-12,4.2705216708036565E-5,2018-12-01T00:00:00
Maguindanao del Sur,2018-12,4.3503396113010665E-5,2018-12-01T00:00:00
Davao de Oro,2019-01,3.5575740411087094E-5,2019-01-01T00:00:00
Davao Occidental,2019-01,3.3881301083113265E-5,2019-01-01T00:00:00
Cotabato,2019-01,3.7807380160704964E-5,2019-01-01T00:00:00
Maguindanao del Norte,2019-01,3.961011548928037E-5,2019-01-01T00:00:00
Maguindanao del Sur,2019-01,3.9736531924010285E-5,2019-01-01T00:00:00
Davao de Oro,2019-02,3.693064365113872E-5,2019-02-01T00:00:00
Davao Occidental,2019-02,3.684662550169518E-5,2019-02-01T00:00:00
Cotabato,2019-02,4.1811100390891086E-5,2019-02-01T00:00:00
Maguindanao del Norte,2019-02,4.504181369087772E-5,2019-02-01T00:00:00
Maguindanao del Sur,2019-02,4.455072692862014E-5,2019-02-01T00:00:00
Davao de Oro,2019-03,3.685858222655259E-5,2019-03-01T00:00:00
Davao Occidental,2019-03,3.631573405956429E-5,2019-03-01T00:00:00
Cotabato,2019-03,4.327988157809797E-5,2019-03-01T00:00:00
Maguindanao del Norte,2019-03,4.5644740361133096E-5,2019-03-01T00:00:00
Maguindanao del Sur,2019-03,4.7035227908454864E-5,2019-03-01T00:00:00
Davao de Oro,2019-04,3.5860855599089786E-5,2019-04-01T00:00:00
Davao Occidental,2019-04,3.445321213763679E-5,2019-04-01T00:00:00
Cotabato,2019-04,3.9695995584659735E-5,2019-04-01T00:00:00
Maguindanao del Norte,2019-04,4.019028101891705E-5,2019-04-01T00:00:00
Maguindanao del Sur,2019-04,4.134028183077717E-5,2019-04-01T00:00:00
Davao de Oro,2019-05,4.330883361107328E-5,2019-05-01T00:00:00
Davao Occidental,2019-05,3.99865569711758E-5,2019-05-01T00:00:00
Cotabato,2019-05,4.372686290588777E-5,2019-05-01T00:00:00
Maguindanao del Norte,2019-05,4.290750450695993E-5,2019-05-01T00:00:00
Maguindanao del Sur,2019-05,4.525917136805918E-5,2019-05-01T00:00:00
Davao de Oro,2019-06,4.163633263842382E-5,2019-06-01T00:00:00
Davao Occidental,2019-06,3.8192347566111826E-5,2019-06-01T00:00:00
Cotabato,2019-06,4.26749510437185E-5,2019-06-01T00:00:00
Maguindanao del Norte,2019-06,4.257917443645312E-5,2019-06-01T00:00:00
Maguindanao del Sur,2019-06,4.4427464396369484E-5,2019-06-01T00:00:00
Davao de Oro,2019-07,4.183225933959889E-5,2019-07-01T00:00:00
Davao Occidental,2019-07,3.874487518012716E-5,2019-07-01T00:00:00
Cotabato,2019-07,4.283835067769804E-5,2019-07-01T00:00:00
Maguindanao del Norte,2019-07,4.187986851127687E-5,2019-07-01T00:00:00
Maguindanao del Sur,2019-07,4.3196230412236875E-5,2019-07-01T00:00:00
Davao de Oro,2019-08,3.8228872061542594E-5,2019-08-01T00:00:00
Davao Occidental,2019-08,3.673899567687722E-5,2019-08-01T00:00:00
Cotabato,2019-08,3.881344041233001E-5,2019-08-01T00:00:00
Maguindanao del Norte,2019-08,3.7702013214829715E-5,2019-08-01T00:00:00
Maguindanao del Sur,2019-08,4.01613995392958E-5,2019-08-01T00:00:00
Davao de Oro,2019-09,3.67069080480272E-5,2019-09-01T00:00:00
Davao Occidental,2019-09,3.500235492283388E-5,2019-09-01T00:00:00
Cotabato,2019-09,3.787145506936283E-5,2019-09-01T00:00:00
Maguindanao del Norte,2019-09,3.7155072719449954E-5,2019-09-01T00:00:00
Maguindanao del Sur,2019-09,3.9356956117194424E-5,2019-09-01T00:00:00
Davao de Oro,2019-10,3.5537046442656004E-5,2019-10-01T00:00:00
Davao Occidental,2019-10,3.3773460247283126E-5,2019-10-01T00:00:00
Cotabato,2019-10,3.742302004243767E-5,2019-10-01T00:00:00
Maguindanao del Norte,2019-10,3.63923702307983E-5,2019-10-01T00:00:00
Maguindanao del Sur,2019-10,3.8445342229502457E-5,2019-10-01T00:00:00
Davao de Oro,2019-11,3.5939308238360694E-5,2019-11-01T00:00:00
Davao Occidental,2019-11,3.469176276514826E-5,2019-11-01T00:00:00
Cotabato,2019-11,3.61785122897858E-5,2019-11-01T00:00:00
Maguindanao del Norte,2019-11,3.549969475201483E-5,2019-11-01T00:00:00
Maguindanao del Sur,2019-11,3.741815024179165E-5,2019-11-01T00:00:00
Davao de Oro,2019-12,3.375929130256183E-5,2019-12-01T00:00:00
Davao Occidental,2019-12,3.3035178631854423E-5,2019-12-01T00:00:00
Cotabato,2019-12,3.49618422437227E-5,2019-12-01T00:00:00
Maguindanao del Norte,2019-12,3.5293606660477695E-5,2019-12-01T00:00:00
Maguindanao del Sur,2019-12,3.7408827714046844E-5,2019-12-01T00:00:00
Davao de Oro,2020-01,3.1525670360594956E-5,2020-01-01T00:00:00
Davao Occidental,2020-01,3.147981479410925E-5,2020-01-01T00:00:00
Cotabato,2020-01,3.3736570046341E-5,2020-01-01T00:00:00
Maguindanao del Norte,2020-01,3.46345673151234E-5,2020-01-01T00:00:00
Maguindanao del Sur,2020-01,3.501306274316304E-5,2020-01-01T00:00:00
Davao de Oro,2020-02,3.134240742353257E-5,2020-02-01T00:00:00
Davao Occidental,2020-02,3.0778669332080296E-5,2020-02-01T00:00:00
Cotabato,2020-02,3.471238652990547E-5,2020-02-01T00:00:00
Maguindanao del Norte,2020-02,3.600586564804804E-5,2020-02-01T00:00:00
Maguindanao del Sur,2020-02,3.635385100974893E-5,2020-02-01T00:00:00
Davao de Oro,2020-03,3.3084276342682824E-5,2020-03-01T00:00:00
Davao Occidental,2020-03,3.302200519199711E-5,2020-03-01T00:00:00
Cotabato,2020-03,3.900950333517764E-5,2020-03-01T00:00:00
Maguindanao del Norte,2020-03,4.0199276276011325E-5,2020-03-01T00:00:00
Maguindanao del Sur,2020-03,4.141284352138228E-5,2020-03-01T00:00:00
Davao de Oro,2020-04,3.8288573652221994E-5,2020-04-01T00:00:00
Davao Occidental,2020-04,3.7519384191954384E-5,2020-04-01T00:00:00
Cotabato,2020-04,4.389473454455071E-5,2020-04-01T00:00:00
Maguindanao del Norte,2020-04,4.4910658066311874E-5,2020-04-01T00:00:00
Maguindanao del Sur,2020-04,4.682753214794549E-5,2020-04-01T00:00:00
Davao de Oro,2020-05,3.827089130144E-5,2020-05-01T00:00:00
Davao Occidental,2020-05,3.8906697975007906E-5,2020-05-01T00:00:00
Cotabato,2020-05,4.3418372899480205E-5,2020-05-01T00:00:00
Maguindanao del Norte,2020-05,4.2213158290496715E-5,2020-05-01T00:00:00
Maguindanao del Sur,2020-05,4.557562297879287E-5,2020-05-01T00:00:00
Davao de Oro,2020-06,4.026040768093054E-5,2020-06-01T00:00:00
Davao Occidental,2020-06,3.914934678145054E-5,2020-06-01T00:00:00
Cotabato,2020-06,4.276274640540465E-5,2020-06-01T00:00:00
Maguindanao del Norte,2020-06,4.2291394844626564E-5,2020-06-01T00:00:00
Maguindanao del Sur,2020-06,4.4271491292978796E-5,2020-06-01T00:00:00
Davao de Oro,2020-07,3.956013339421464E-5,2020-07-01T00:00:00
Davao Occidental,2020-07,3.835608308904688E-5,2020-07-01T00:00:00
Cotabato,2020-07,4.258371813374258E-5,2020-07-01T00:00:00
Maguindanao del Norte,2020-07,4.115618679076051E-5,2020-07-01T00:00:00
Maguindanao del Sur,2020-07,4.376971976808869E-5,2020-07-01T00:00:00
Davao de Oro,2020-08,4.081938840935582E-5,2020-08-01T00:00:00
Davao Occidental,2020-08,3.985736282302508E-5,2020-08-01T00:00:00
Cotabato,2020-08,4.255762399826386E-5,2020-08-01T00:00:00
Maguindanao del Norte,2020-08,4.114466774087507E-5,2020-08-01T00:00:00
Maguindanao del Sur,2020-08,4.3214764907600336E-5,2020-08-01T00:00:00
Davao de Oro,2020-09,4.003699816174512E-5,2020-09-01T00:00:00
Davao Occidental,2020-09,3.9367256262879716E-5,2020-09-01T00:00:00
Cotabato,2020-09,4.228599899737063E-5,2020-09-01T00:00:00
Maguindanao del Norte,2020-09,4.0030469290220265E-5,2020-09-01T00:00:00
Maguindanao del Sur,2020-09,4.311011971931379E-5,2020-09-01T00:00:00
Davao de Oro,2020-10,4.13174746857008E-5,2020-10-01T00:00:00
Davao Occidental,2020-10,3.964927965129923E-5,2020-10-01T00:00:00
Cotabato,2020-10,4.159472161625434E-5,2020-10-01T00:00:00
Maguindanao del Norte,2020-10,3.998946970980931E-5,2020-10-01T00:00:00
Maguindanao del Sur,2020-10,4.21830579075015E-5,2020-10-01T00:00:00
Davao de Oro,2020-11,4.082206498321924E-5,2020-11-01T00:00:00
Davao Occidental,2020-11,4.098799218913315E-5,2020-11-01T00:00:00
Cotabato,2020-11,4.205343777020092E-5,2020-11-01T00:00:00
Maguindanao del Norte,2020-11,4.133037738087683E-5,2020-11-01T00:00:00
Maguindanao del Sur,2020-11,4.3462319376331376E-5,2020-11-01T00:00:00
Davao de Oro,2020-12,3.726831770182409E-5,2020-12-01T00:00:00
Davao Occidental,2020-12,3.559975981338931E-5,2020-12-01T00:00:00
Cotabato,2020-12,3.958010238343571E-5,2020-12-01T00:00:00
Maguindanao del Norte,2020-12,3.8309940810579366E-5,2020-12-01T00:00:00
Maguindanao del Sur,2020-12,3.974221244621332E-5,2020-12-01T00:00:00
Davao de Oro,2021-01,3.1325193192233847E-5,2021-01-01T00:00:00
Davao Occidental,2021-01,3.1732447471153596E-5,2021-01-01T00:00:00
Cotabato,2021-01,3.576100872851933E-5,2021-01-01T00:00:00
Maguindanao del Norte,2021-01,3.4363397475103865E-5,2021-01-01T00:00:00
Maguindanao del Sur,2021-01,3.710808880938959E-5,2021-01-01T00:00:00
Davao de Oro,2021-02,3.44066104962499E-5,2021-02-01T00:00:00
Davao Occidental,2021-02,3.297413331554726E-5,2021-02-01T00:00:00
Cotabato,2021-02,3.607691662417559E-5,2021-02-01T00:00:00
Maguindanao del Norte,2021-02,3.538990955703493E-5,2021-02-01T00:00:00
Maguindanao del Sur,2021-02,3.7331421363019053E-5,2021-02-01T00:00:00
Davao de Oro,2021-03,3.533990565270642E-5,2021-03-01T00:00:00
Davao Occidental,2021-03,3.395576395185637E-5,2021-03-01T00:00:00
Cotabato,2021-03,3.7730200459346435E-5,2021-03-01T00:00:00
Maguindanao del Norte,2021-03,3.6939485397218825E-5,2021-03-01T00:00:00
Maguindanao del Sur,2021-03,3.871025063890457E-5,2021-03-01T00:00:00
Davao de Oro,2021-04,4.1275215932537395E-5,2021-04-01T00:00:00
Davao Occidental,2021-04,3.973325659418066E-5,2021-04-01T00:00:00
Cotabato,2021-04,4.139547531963739E-5,2021-04-01T00:00:00
Maguindanao del Norte,2021-04,4.0357396416217885E-5,2021-04-01T00:00:00
Maguindanao del Sur,2021-04,4.32011532980587E-5,2021-04-01T00:00:00
Davao de Oro,2021-05,4.099629153249621E-5,2021-05-01T00:00:00
Davao Occidental,2021-05,3.700347081118745E-5,2021-05-01T00:00:00
Cotabato,2021-05,4.301414344225495E-5,2021-05-01T00:00:00
Maguindanao del Norte,2021-05,4.35690425175743E-5,2021-05-01T00:00:00
Maguindanao del Sur,2021-05,4.4460398406962854E-5,2021-05-01T00:00:00
Davao de Oro,2021-06,4.164551600130496E-5,2021-06-01T00:00:00
Davao Occidental,2021-06,4.110214879207191E-5,2021-06-01T00:00:00
Cotabato,2021-06,4.408643791644292E-5,2021-06-01T00:00:00
Maguindanao del Norte,2021-06,4.354974758274688E-5,2021-06-01T00:00:00
Maguindanao del Sur,2021-06,4.538628796086139E-5,2021-06-01T00:00:00
Davao de Oro,2021-07,4.493901118201517E-5,2021-07-01T00:00:00
Davao Occidental,2021-07,4.238750771946413E-5,2021-07-01T00:00:00
Cotabato,2021-07,4.6259514268513115E-5,2021-07-01T00:00:00
Maguindanao del Norte,2021-07,4.537512385747828E-5,2021-07-01T00:00:00
Maguindanao del Sur,2021-07,4.6840214017455795E-5,2021-07-01T00:00:00
Davao de Oro,2021-08,4.228363126665606E-5,2021-08-01T00:00:00
Davao Occidental,2021-08,4.144350628024516E-5,2021-08-01T00:00:00
Cotabato,2021-08,4.5460188196516586E-5,2021-08-01T00:00:00
Maguindanao del Norte,2021-08,4.48498585173339E-5,2021-08-01T00:00:00
Maguindanao del Sur,2021-08,4.68116638726782E-5,2021-08-01T00:00:00
Davao de Oro,2021-09,4.261647458771405E-5,2021-09-01T00:00:00
Davao Occidental,2021-09,4.316050885355417E-5,2021-09-01T00:00:00
Cotabato,2021-09,4.5908086743743714E-5,2021-09-01T00:00:00
Maguindanao del Norte,2021-09,4.515672449221297E-5,2021-09-01T00:00:00
Maguindanao del Sur,2021-09,4.708304951341263E-5,2021-09-01T00:00:00
Davao de Oro,2021-10,4.175869911467181E-5,2021-10-01T00:00:00
Davao Occidental,2021-10,4.1736778022229787E-5,2021-10-01T00:00:00
Cotabato,2021-10,4.4973440190710046E-5,2021-10-01T00:00:00
Maguindanao del Norte,2021-10,4.487363008648016E-5,2021-10-01T00:00:00
Maguindanao del Sur,2021-10,4.671847272792185E-5,2021-10-01T00:00:00
Davao de Oro,2021-11,3.972065788110658E-5,2021-11-01T00:00:00
Davao Occidental,2021-11,4.002056400659055E-5,2021-11-01T00:00:00
Cotabato,2021-11,4.306484596223106E-5,2021-11-01T00:00:00
Maguindanao del Norte,2021-11,4.202185170161474E-5,2021-11-01T00:00:00
Maguindanao del Sur,2021-11,4.398272723862982E-5,2021-11-01T00:00:00
Davao de Oro,2021-12,3.920476035682476E-5,2021-12-01T00:00:00
Davao Occidental,2021-12,4.034290307658855E-5,2021-12-01T00:00:00
Cotabato,2021-12,4.387661939077238E-5,2021-12-01T00:00:00
Maguindanao del Norte,2021-12,4.287233333915472E-5,2021-12-01T00:00:00
Maguindanao del Sur,2021-12,4.369212447121191E-5,2021-12-01T00:00:00
Davao de Oro,2022-01,4.057346911523896E-5,2022-01-01T00:00:00
Davao Occidental,2022-01,3.918523072145946E-5,2022-01-01T00:00:00
Cotabato,2022-01,4.437666345748041E-5,2022-01-01T00:00:00
Maguindanao del Norte,2022-01,4.267014508166218E-5,2022-01-01T00:00:00
Maguindanao del Sur,2022-01,4.4708698902848314E-5,2022-01-01T00:00:00
Davao de Oro,2022-02,3.83670044536492E-5,2022-02-01T00:00:00
Davao Occidental,2022-02,3.8023313479412064E-5,2022-02-01T00:00:00
Cotabato,2022-02,4.134182643544348E-5,2022-02-01T00:00:00
Maguindanao del Norte,2022-02,4.27754984499026E-5,2022-02-01T00:00:00
Maguindanao del Sur,2022-02,4.3321503406392175E-5,2022-02-01T00:00:00
Davao de Oro,2022-03,3.753702266482516E-5,2022-03-01T00:00:00
Davao Occidental,2022-03,3.7612387199413386E-5,2022-03-01T00:00:00
Cotabato,2022-03,4.057623272517124E-5,2022-03-01T00:00:00
Maguindanao del Norte,2022-03,4.039340080520978E-5,2022-03-01T00:00:00
Maguindanao del Sur,2022-03,4.261507878682819E-5,2022-03-01T00:00:00
Davao de Oro,2022-04,4.027333522140643E-5,2022-04-01T00:00:00
Davao Occidental,2022-04,4.083970710288189E-5,2022-04-01T00:00:00
Cotabato,2022-04,4.2357272868888524E-5,2022-04-01T00:00:00
Maguindanao del Norte,2022-04,4.2599275346468265E-5,2022-04-01T00:00:00
Maguindanao del Sur,2022-04,4.4527524421621934E-5,2022-04-01T00:00:00
Davao de Oro,2022-05,4.2225782827601255E-5,2022-05-01T00:00:00
Davao Occidental,2022-05,4.2389403001582176E-5,2022-05-01T00:00:00
Cotabato,2022-05,4.633595234241672E-5,2022-05-01T00:00:00
Maguindanao del Norte,2022-05,4.5233804403891714E-5,2022-05-01T00:00:00
Maguindanao del Sur,2022-05,4.781919980662692E-5,2022-05-01T00:00:00
Davao de Oro,2022-06,4.029005766761798E-5,2022-06-01T00:00:00
Davao Occidental,2022-06,3.9063197993841735E-5,2022-06-01T00:00:00
Cotabato,2022-06,4.320422649954686E-5,2022-06-01T00:00:00
Maguindanao del Norte,2022-06,4.248008182291782E-5,2022-06-01T00:00:00
Maguindanao del Sur,2022-06,4.4137636471858644E-5,2022-06-01T00:00:00
Davao de Oro,2022-07,4.114125242173793E-5,2022-07-01T00:00:00
Davao Occidental,2022-07,3.972936711008587E-5,2022-07-01T00:00:00
Cotabato,2022-07,4.334749408329946E-5,2022-07-01T00:00:00
Maguindanao del Norte,2022-07,4.213292759412548E-5,2022-07-01T00:00:00
Maguindanao del Sur,2022-07,4.358050135265704E-5,2022-07-01T00:00:00
Davao de Oro,2022-08,4.189688325389422E-5,2022-08-01T00:00:00
Davao Occidental,2022-08,4.019422105695157E-5,2022-08-01T00:00:00
Cotabato,2022-08,4.481179586924056E-5,2022-08-01T00:00:00
Maguindanao del Norte,2022-08,4.4134337667234934E-5,2022-08-01T00:00:00
Maguindanao del Sur,2022-08,4.581469151315372E-5,2022-08-01T00:00:00
Davao de Oro,2022-09,4.2759199931325044E-5,2022-09-01T00:00:00
Davao Occidental,2022-09,4.1109187750641486E-5,2022-09-01T00:00:00
Cotabato,2022-09,4.487447145643305E-5,2022-09-01T00:00:00
Maguindanao del Norte,2022-09,4.392033850091839E-5,2022-09-01T00:00:00
Maguindanao del Sur,2022-09,4.7385797644395834E-5,2022-09-01T00:00:00
Davao de Oro,2022-10,4.342236373851363E-5,2022-10-01T00:00:00
Davao Occidental,2022-10,4.093741948121317E-5,2022-10-01T00:00:00
Cotabato,2022-10,4.391955724919893E-5,2022-10-01T00:00:00
Maguindanao del Norte,2022-10,4.417592247001409E-5,2022-10-01T00:00:00
Maguindanao del Sur,2022-10,4.4486069522587523E-5,2022-10-01T00:00:00
Davao de Oro,2022-11,4.14972118382746E-5,2022-11-01T00:00:00
Davao Occidental,2022-11,3.833228330084448E-5,2022-11-01T00:00:00
Cotabato,2022-11,4.340704748570954E-5,2022-11-01T00:00:00
Maguindanao del Norte,2022-11,4.283798136139971E-5,2022-11-01T00:00:00
Maguindanao del Sur,2022-11,4.4220151809780153E-5,2022-11-01T00:00:00
Davao de Oro,2022-12,4.0254747178688974E-5,2022-12-01T00:00:00
Davao Occidental,2022-12,3.624201264533039E-5,2022-12-01T00:00:00
Cotabato,2022-12,3.9911704144531424E-5,2022-12-01T00:00:00
Maguindanao del Norte,2022-12,3.995003325820507E-5,2022-12-01T00:00:00
Maguindanao del Sur,2022-12,4.020717746332264E-5,2022-12-01T00:00:00
Davao de Oro,2023-01,3.612653369529261E-5,2023-01-01T00:00:00
Davao Occidental,2023-01,3.410622430918001E-5,2023-01-01T00:00:00
Cotabato,2023-01,3.820401853380533E-5,2023-01-01T00:00:00
Maguindanao del Norte,2023-01,3.780194862865404E-5,2023-01-01T00:00:00
Maguindanao del Sur,2023-01,3.830151769752758E-5,2023-01-01T00:00:00
Davao de Oro,2023-02,3.307262709179198E-5,2023-02-01T00:00:00
Davao Occidental,2023-02,2.9324399740716384E-5,2023-02-01T00:00:00
Cotabato,2023-02,3.5452648169436105E-5,2023-02-01T00:00:00
Maguindanao del Norte,2023-02,3.4924127997916546E-5,2023-02-01T00:00:00
Maguindanao del Sur,2023-02,3.489335837431814E-5,2023-02-01T00:00:00
Davao de Oro,2023-03,3.588084342450777E-5,2023-03-01T00:00:00
Davao Occidental,2023-03,3.4019283286783836E-5,2023-03-01T00:00:00
Cotabato,2023-03,3.969430455269755E-5,2023-03-01T00:00:00
Maguindanao del Norte,2023-03,4.005492956351369E-5,2023-03-01T00:00:00
Maguindanao del Sur,2023-03,4.112339440787875E-5,2023-03-01T00:00:00
Davao de Oro,2023-04,3.961408054298782E-5,2023-04-01T00:00:00
Davao Occidental,2023-04,3.925577445433333E-5,2023-04-01T00:00:00
Cotabato,2023-04,4.223902642071867E-5,2023-04-01T00:00:00
Maguindanao del Norte,2023-04,4.2479503950315774E-5,2023-04-01T00:00:00
Maguindanao del Sur,2023-04,4.444268512977847E-5,2023-04-01T00:00:00
Davao de Oro,2023-05,4.5656945411421775E-5,2023-05-01T00:00:00
Davao Occidental,2023-05,4.295326096028959E-5,2023-05-01T00:00:00
Cotabato,2023-05,4.686169578118616E-5,2023-05-01T00:00:00
Maguindanao del Norte,2023-05,4.613643203075525E-5,2023-05-01T00:00:00
Maguindanao del Sur,2023-05,4.805836281178033E-5,2023-05-01T00:00:00
Davao de Oro,2023-06,4.766735305420169E-5,2023-06-01T00:00:00
Davao Occidental,2023-06,4.4897497422870045E-5,2023-06-01T00:00:00
Cotabato,2023-06,4.718901260510337E-5,2023-06-01T00:00:00
Maguindanao del Norte,2023-06,4.624758476842433E-5,2023-06-01T00:00:00
Maguindanao del Sur,2023-06,4.691473781815544E-5,2023-06-01T00:00:00
Davao de Oro,2023-07,4.596555950452024E-5,2023-07-01T00:00:00
Davao Occidental,2023-07,4.1092156787560215E-5,2023-07-01T00:00:00
Cotabato,2023-07,4.580868004790843E-5,2023-07-01T00:00:00
Maguindanao del Norte,2023-07,4.528218158610186E-5,2023-07-01T00:00:00
Maguindanao del Sur,2023-07,4.5877668493765634E-5,2023-07-01T00:00:00
Davao de Oro,2023-08,4.350245638731844E-5,2023-08-01T00:00:00
Davao Occidental,2023-08,3.886879671038746E-5,2023-08-01T00:00:00
Cotabato,2023-08,4.173308669752086E-5,2023-08-01T00:00:00
Maguindanao del Norte,2023-08,4.129872126898872E-5,2023-08-01T00:00:00
Maguindanao del Sur,2023-08,4.172786673918514E-5,2023-08-01T00:00:00
Davao de Oro,2023-09,4.29183068091836E-5,2023-09-01T00:00:00
Davao Occidental,2023-09,3.9846306088350356E-5,2023-09-01T00:00:00
Cotabato,2023-09,4.337655951247968E-5,2023-09-01T00:00:00
Maguindanao del Norte,2023-09,4.201338544636058E-5,2023-09-01T00:00:00
Maguindanao del Sur,2023-09,4.440421610365644E-5,2023-09-01T00:00:00
Davao de Oro,2023-10,4.004712895089556E-5,2023-10-01T00:00:00
Davao Occidental,2023-10,3.956676508909971E-5,2023-10-01T00:00:00
Cotabato,2023-10,4.231029700260572E-5,2023-10-01T00:00:00
Maguindanao del Norte,2023-10,4.283781754254244E-5,2023-10-01T00:00:00
Maguindanao del Sur,2023-10,4.475067758721068E-5,2023-10-01T00:00:00
Davao de Oro,2023-11,3.8043173283257746E-5,2023-11-01T00:00:00
Davao Occidental,2023-11,3.73436949440686E-5,2023-11-01T00:00:00
Cotabato,2023-11,4.201872969426527E-5,2023-11-01T00:00:00
Maguindanao del Norte,2023-11,4.2283353778571774E-5,2023-11-01T00:00:00
Maguindanao del Sur,2023-11,4.336415675708806E-5,2023-11-01T00:00:00
Davao de Oro,2023-12,3.424476725848375E-5,2023-12-01T00:00:00
Davao Occidental,2023-12,3.3712258981872946E-5,2023-12-01T00:00:00
Cotabato,2023-12,3.787334015255337E-5,2023-12-01T00:00:00
Maguindanao del Norte,2023-12,3.910462595960189E-5,2023-12-01T00:00:00
Maguindanao del Sur,2023-12,3.912338152107009E-5,2023-12-01T00:00:00
Davao de Oro,2024-01,3.313121388517882E-5,2024-01-01T00:00:00
Davao Occidental,2024-01,3.269252056925443E-5,2024-01-01T00:00:00
Cotabato,2024-01,3.627470319942657E-5,2024-01-01T00:00:00
Maguindanao del Norte,2024-01,3.617297359455164E-5,2024-01-01T00:00:00
Maguindanao del Sur,2024-01,3.6881657585993465E-5,2024-01-01T00:00:00
Davao de Oro,2024-02,3.467881484857366E-5,2024-02-01T00:00:00
Davao Occidental,2024-02,3.489287029551528E-5,2024-02-01T00:00:00
Cotabato,2024-02,3.866964209496939E-5,2024-02-01T00:00:00
Maguindanao del Norte,2024-02,3.954936282714349E-5,2024-02-01T00:00:00
Maguindanao del Sur,2024-02,3.976429251417739E-5,2024-02-01T00:00:00
Davao de Oro,2024-03,3.619316302826871E-5,2024-03-01T00:00:00
Davao Occidental,2024-03,3.6855930773656424E-5,2024-03-01T00:00:00
Cotabato,2024-03,4.1521437930946834E-5,2024-03-01T00:00:00
Maguindanao del Norte,2024-03,4.392796697859699E-5,2024-03-01T00:00:00
Maguindanao del Sur,2024-03,4.474698209596302E-5,2024-03-01T00:00:00
Davao de Oro,2024-04,4.0056075609016156E-5,2024-04-01T00:00:00
Davao Occidental,2024-04,3.930187203229463E-5,2024-04-01T00:00:00
Cotabato,2024-04,4.6512522765454377E-5,2024-04-01T00:00:00
Maguindanao del Norte,2024-04,4.954709764977825E-5,2024-04-01T00:00:00
Maguindanao del Sur,2024-04,4.9946326183833564E-5,2024-04-01T00:00:00
Davao de Oro,2024-05,4.2698068214140015E-5,2024-05-01T00:00:00
Davao Occidental,2024-05,4.136312626321255E-5,2024-05-01T00:00:00
Cotabato,2024-05,4.809578745545098E-5,2024-05-01T00:00:00
Maguindanao del Norte,2024-05,4.729791199117017E-5,2024-05-01T00:00:00
Maguindanao del Sur,2024-05,5.074755583840623E-5,2024-05-01T00:00:00
Davao de Oro,2024-06,4.2661044805665306E-5,2024-06-01T00:00:00
Davao Occidental,2024-06,3.953059110720727E-5,2024-06-01T00:00:00
Cotabato,2024-06,4.5975080962726506E-5,2024-06-01T00:00:00
Maguindanao del Norte,2024-06,4.394174883220982E-5,2024-06-01T00:00:00
Maguindanao del Sur,2024-06,4.670407683823449E-5,2024-06-01T00:00:00
Davao de Oro,2024-07,4.0638389325814764E-5,2024-07-01T00:00:00
Davao Occidental,2024-07,3.899604016005941E-5,2024-07-01T00:00:00
Cotabato,2024-07,4.1316260307916656E-5,2024-07-01T00:00:00
Maguindanao del Norte,2024-07,3.992149270012259E-5,2024-07-01T00:00:00
Maguindanao del Sur,2024-07,4.2100392070736066E-5,2024-07-01T00:00:00
Davao de Oro,2024-08,3.78645648590735E-5,2024-08-01T00:00:00
Davao Occidental,2024-08,3.5404845984738705E-5,2024-08-01T00:00:00
Cotabato,2024-08,3.93440920522849E-5,2024-08-01T00:00:00
Maguindanao del Norte,2024-08,3.801434646103491E-5,2024-08-01T00:00:00
Maguindanao del Sur,2024-08,4.0140824401988846E-5,2024-08-01T00:00:00
Davao de Oro,2024-09,3.8910994792028475E-5,2024-09-01T00:00:00
Davao Occidental,2024-09,3.677131071105194E-5,2024-09-01T00:00:00
Cotabato,2024-09,3.8814567156825625E-5,2024-09-01T00:00:00
Maguindanao del Norte,2024-09,3.809452214659046E-5,2024-09-01T00:00:00
Maguindanao del Sur,2024-09,3.981423374057978E-5,2024-09-01T00:00:00
Davao de Oro,2024-10,4.067646693200718E-5,2024-10-01T00:00:00
Davao Occidental,2024-10,3.674235568804931E-5,2024-10-01T00:00:00
Cotabato,2024-10,4.051951708283222E-5,2024-10-01T00:00:00
Maguindanao del Norte,2024-10,3.9526359477863953E-5,2024-10-01T00:00:00
Maguindanao del Sur,2024-10,4.118776311850966E-5,2024-10-01T00:00:00
Davao de Oro,2024-11,3.698072749172716E-5,2024-11-01T00:00:00
Davao Occidental,2024-11,3.4220016657519617E-5,2024-11-01T00:00:00
Cotabato,2024-11,3.981028901017851E-5,2024-11-01T00:00:00
Maguindanao del Norte,2024-11,3.930125599394783E-5,2024-11-01T00:00:00
Maguindanao del Sur,2024-11,4.016004790537459E-5,2024-11-01T00:00:00
Davao de Oro,2024-12,3.5229109249769344E-5,2024-12-01T00:00:00
Davao Occidental,2024-12,3.143943589747884E-5,2024-12-01T00:00:00
Cotabato,2024-12,3.552599393368888E-5,2024-12-01T00:00:00
Maguindanao del Norte,2024-12,3.47174044926576E-5,2024-12-01T00:00:00
Maguindanao del Sur,2024-12,3.523211936748591E-5,2024-12-01T00:00:00
Davao de Oro,2025-01,3.2791020448509996E-5,2025-01-01T00:00:00
Davao Occidental,2025-01,3.0312349757584156E-5,2025-01-01T00:00:00
Cotabato,2025-01,3.511305897053335E-5,2025-01-01T00:00:00
Maguindanao del Norte,2025-01,3.5337408802765325E-5,2025-01-01T00:00:00
Maguindanao del Sur,2025-01,3.586656231636238E-5,2025-01-01T00:00:00
Davao de Oro,2025-02,3.147465158723333E-5,2025-02-01T00:00:00
Davao Occidental,2025-02,2.959799514388481E-5,2025-02-01T00:00:00
Cotabato,2025-02,3.394431199294545E-5,2025-02-01T00:00:00
Maguindanao del Norte,2025-02,3.291386380067271E-5,2025-02-01T00:00:00
Maguindanao del Sur,2025-02,3.334266305305749E-5,2025-02-01T00:00:00
Davao de Oro,2025-03,3.222582789149164E-5,2025-03-01T00:00:00
Davao Occidental,2025-03,2.9470738866658602E-5,2025-03-01T00:00:00
Cotabato,2025-03,3.465327179073447E-5,2025-03-01T00:00:00
Maguindanao del Norte,2025-03,3.446175058424281E-5,2025-03-01T00:00:00
Maguindanao del Sur,2025-03,3.5058391368989424E-5,2025-03-01T00:00:00
Davao de Oro,2025-04,3.305860532079695E-5,2025-04-01T00:00:00
Davao Occidental,2025-04,3.234823688746533E-5,2025-04-01T00:00:00
Cotabato,2025-04,3.8012209123778774E-5,2025-04-01T00:00:00
Maguindanao del Norte,2025-04,3.728544229326552E-5,2025-04-01T00:00:00
Maguindanao del Sur,2025-04,3.9139252891581346E-5,2025-04-01T00:00:00
Davao de Oro,2025-05,3.7565686071902676E-5,2025-05-01T00:00:00
Davao Occidental,2025-05,3.502734226657718E-5,2025-05-01T00:00:00
Cotabato,2025-05,4.1192812382274964E-5,2025-05-01T00:00:00
Maguindanao del Norte,2025-05,4.036419450047489E-5,2025-05-01T00:00:00
Maguindanao del Sur,2025-05,4.1226542834548926E-5,2025-05-01T00:00:00
